Matrix dimensions: m = n = k, GFLOPS
40,5.120000e+00
80,5.019608e+00
120,6.073814e+00
160,4.890746e+00
200,7.312614e+00
240,7.004814e+00
280,5.825129e+00
320,6.511277e+00
360,7.160221e+00
400,7.139670e+00
440,7.041746e+00
480,5.504965e+00
520,5.837263e+00
560,6.887307e+00
600,6.857034e+00
640,7.175736e+00
680,6.308638e+00
720,6.974903e+00
760,6.427174e+00
800,5.247541e+00
