Matrices parameters: m = n = k, GFLOPS
40,1.706667e+00
80,1.395095e+00
120,1.617978e+00
160,1.569649e+00
200,2.013592e+00
240,1.847017e+00
280,1.929083e+00
320,1.947289e+00
360,1.947449e+00
400,1.954736e+00
440,1.940587e+00
480,1.832936e+00
520,1.886647e+00
560,1.873617e+00
600,1.766445e+00
640,1.711290e+00
680,1.693139e+00
720,1.486937e+00
760,1.697920e+00
800,1.522339e+00
