Matrices parameters: m = n = k, GFLOPS
40,3.121951e+00
80,5.505376e+00
120,3.551901e+00
160,4.998170e+00
200,5.320918e+00
240,5.112426e+00
280,5.111654e+00
320,5.995426e+00
360,5.879773e+00
400,5.862685e+00
440,5.873138e+00
480,5.625229e+00
520,5.662713e+00
560,6.263835e+00
600,6.059161e+00
640,6.049454e+00
680,5.951376e+00
720,5.755470e+00
760,5.012229e+00
800,5.264754e+00
