Matrices parameters: m = n = k, GFLOPS
40,6.095238e+00
80,5.953488e+00
120,5.948365e+00
160,4.139464e+00
200,5.328005e+00
240,5.139989e+00
280,2.692671e+00
320,6.349157e+00
360,6.063158e+00
400,6.004597e+00
440,5.953176e+00
480,5.835220e+00
520,5.822519e+00
560,6.118065e+00
600,6.327816e+00
640,6.067376e+00
680,6.156220e+00
720,5.699879e+00
760,5.319954e+00
800,4.406158e+00
