Matrices parameters: m = n = k, GFLOPS
40,1.505882e+00
80,2.151261e+00
120,1.685032e+00
160,1.834714e+00
200,2.118364e+00
240,2.168981e+00
280,2.184822e+00
320,2.177637e+00
360,2.190011e+00
400,2.112734e+00
440,1.889891e+00
480,1.720393e+00
520,2.103713e+00
560,2.145387e+00
600,2.154592e+00
640,2.058825e+00
680,2.043803e+00
720,1.910521e+00
760,2.064050e+00
800,1.771010e+00
