Matrices parameters: m = n = k, GFLOPS
40,1.855072e+00
80,1.665041e+00
120,1.351584e+00
160,1.459209e+00
200,1.433050e+00
240,1.791834e+00
280,1.754546e+00
320,1.516791e+00
360,1.712210e+00
400,1.957426e+00
440,1.673424e+00
480,1.650738e+00
520,1.724913e+00
560,1.745209e+00
600,1.880976e+00
640,1.980770e+00
680,1.948262e+00
720,1.944486e+00
760,1.818662e+00
800,1.902762e+00
