Matrices parameters: m = n = k, GFLOPS
40,3.200000e+00
80,2.868347e+00
120,2.906644e+00
160,2.726123e+00
200,2.765296e+00
240,2.774232e+00
280,2.767175e+00
320,2.722047e+00
360,2.731936e+00
400,2.671007e+00
440,2.729076e+00
480,2.670111e+00
520,2.947293e+00
560,2.929570e+00
600,2.928099e+00
640,2.911935e+00
680,2.765356e+00
720,2.817817e+00
760,2.805909e+00
800,2.579988e+00
