Matrices dimensions: m = n = k, GFLOPS
40,1.753425e+00
80,1.946768e+00
120,1.723691e+00
160,2.172944e+00
200,1.844806e+00
240,1.909524e+00
280,1.991563e+00
320,1.987626e+00
360,2.016772e+00
400,1.898321e+00
440,2.010645e+00
480,1.671925e+00
520,1.972574e+00
560,1.961368e+00
600,1.946297e+00
640,1.765244e+00
680,1.653804e+00
720,1.323014e+00
760,1.470722e+00
800,1.768820e+00
