Matrix dimensions: m = n = k, GFLOPS
40,1.280000e+01
80,1.735593e+01
120,1.838298e+01
160,1.788646e+01
200,1.492537e+01
240,1.888525e+01
280,1.802299e+01
320,1.815402e+01
360,1.800695e+01
400,1.567283e+01
440,1.799599e+01
480,1.815066e+01
520,1.795416e+01
560,1.540491e+01
600,1.750405e+01
640,1.776525e+01
680,1.734845e+01
720,1.747702e+01
760,1.745605e+01
800,1.707606e+01
