Matrices parameters: m = n = k, GFLOPS
40,2.031746e+00
80,1.718121e+00
120,1.744573e+00
160,2.088198e+00
200,2.044467e+00
240,1.944167e+00
280,1.936400e+00
320,1.968344e+00
360,1.987180e+00
400,1.969019e+00
440,1.983376e+00
480,1.818858e+00
520,1.941992e+00
560,1.969661e+00
600,1.877910e+00
640,1.877365e+00
680,1.837816e+00
720,1.537101e+00
760,1.868937e+00
800,1.912514e+00
