Matrices dimensions: m = n = k, GFLOPS
40,7.529412e+00
80,8.192000e+00
120,1.083386e+01
160,1.038276e+01
200,7.095344e+00
240,9.365854e+00
280,9.439690e+00
320,9.358275e+00
360,9.583239e+00
400,9.154627e+00
440,9.391841e+00
480,9.033818e+00
520,9.116774e+00
560,5.554305e+00
600,9.402137e+00
640,9.184661e+00
680,7.587096e+00
720,5.942162e+00
760,5.975471e+00
800,5.656271e+00
