Matrices parameters: m = n = k, GFLOPS
40,3.200000e+00
80,5.953488e+00
120,3.878788e+00
160,4.801876e+00
200,4.612280e+00
240,5.265283e+00
280,5.173088e+00
320,5.221160e+00
360,5.949882e+00
400,5.841548e+00
440,5.772838e+00
480,5.632821e+00
520,5.161442e+00
560,5.511510e+00
600,5.553127e+00
640,5.966633e+00
680,5.800312e+00
720,5.602474e+00
760,5.015522e+00
800,5.258293e+00
