Matrix dimensions: m = n = k, GFLOPS
40,6.095238e+00
80,6.059172e+00
120,7.714286e+00
160,5.591809e+00
200,7.256236e+00
240,6.313770e+00
280,6.984410e+00
320,6.778651e+00
360,6.778932e+00
400,6.671184e+00
440,6.944159e+00
480,6.686943e+00
520,4.637849e+00
560,6.920691e+00
600,6.629326e+00
640,6.064919e+00
680,6.305981e+00
720,6.541440e+00
760,6.328905e+00
800,5.365273e+00
