Matrix dimensions: m = n = k, GFLOPS
40,7.111111e+00
80,7.937984e+00
120,5.067449e+00
160,6.832360e+00
200,6.996065e+00
240,6.848650e+00
280,6.479339e+00
320,6.484860e+00
360,6.499861e+00
400,6.386907e+00
440,6.022199e+00
480,6.855868e+00
520,4.508473e+00
560,6.706612e+00
600,6.724468e+00
640,6.561556e+00
680,4.950477e+00
720,6.263601e+00
760,6.282754e+00
800,5.800484e+00
