Matrices dimensions: m = n = k, GFLOPS
40,5.818182e+00
80,4.675799e+00
120,2.526316e+00
160,4.496158e+00
200,4.875076e+00
240,4.561623e+00
280,4.954746e+00
320,4.644649e+00
360,4.491552e+00
400,4.111393e+00
440,4.061700e+00
480,4.689579e+00
520,3.244114e+00
560,4.546457e+00
600,4.613216e+00
640,4.150212e+00
680,4.015940e+00
720,4.573305e+00
760,4.203563e+00
800,3.773362e+00
