Matrix dimensions: m = n = k, GFLOPS
40,1.422222e+00
80,1.440225e+00
120,1.227709e+00
160,1.453771e+00
200,1.522360e+00
240,1.487571e+00
280,1.486608e+00
320,1.491896e+00
360,1.429609e+00
400,1.445674e+00
440,1.112913e+00
480,1.417328e+00
520,1.443836e+00
560,1.434578e+00
600,1.328193e+00
640,1.384840e+00
680,1.443991e+00
720,1.393590e+00
760,1.333728e+00
800,1.274781e+00
