Matrices dimensions: m = n = k, GFLOPS
40,1.066667e+01
80,1.233735e+01
120,1.252174e+01
160,8.497925e+00
200,1.234568e+01
240,1.115738e+01
280,1.217864e+01
320,1.252839e+01
360,1.277372e+01
400,1.262950e+01
440,1.241116e+01
480,1.228595e+01
520,1.200957e+01
560,7.836851e+00
600,1.244634e+01
640,1.216333e+01
680,1.243060e+01
720,1.225130e+01
760,1.250822e+01
800,1.251665e+01
