Matrix dimensions: m = n = k, GFLOPS
40,3.121951e+00
80,2.797814e+00
120,2.734177e+00
160,2.785447e+00
200,2.918643e+00
240,2.820361e+00
280,2.770668e+00
320,2.753961e+00
360,2.741487e+00
400,2.977160e+00
440,2.964314e+00
480,2.126851e+00
520,2.850875e+00
560,2.914909e+00
600,2.815011e+00
640,2.666341e+00
680,2.939839e+00
720,2.984826e+00
760,2.843403e+00
800,2.368901e+00
