Matrices parameters: m = n = k, GFLOPS
40,6.095238e+00
80,5.251282e+00
120,4.385787e+00
160,3.618375e+00
200,5.445882e+00
240,5.076754e+00
280,5.517657e+00
320,5.240365e+00
360,4.745321e+00
400,4.686585e+00
440,5.116003e+00
480,3.234204e+00
520,4.492125e+00
560,4.834111e+00
600,4.724358e+00
640,4.679305e+00
680,5.272918e+00
720,4.983883e+00
760,3.021700e+00
800,3.836873e+00
