Matrices dimensions: m = n = k, GFLOPS
40,6.400000e+00
80,5.818182e+00
120,6.295082e+00
160,2.657152e+00
200,5.833030e+00
240,4.899522e+00
280,4.999886e+00
320,4.735260e+00
360,4.680343e+00
400,4.418364e+00
440,4.331537e+00
480,4.647406e+00
520,3.625740e+00
560,4.610614e+00
600,4.575302e+00
640,3.760467e+00
680,4.447066e+00
720,4.351757e+00
760,3.351742e+00
800,3.797628e+00
