Matrix dimensions: m = n = k, GFLOPS
40,4.571429e+00
80,5.626374e+00
120,5.165919e+00
160,4.628249e+00
200,5.561349e+00
240,5.490071e+00
280,5.396927e+00
320,5.487858e+00
360,5.114107e+00
400,5.150491e+00
440,5.164075e+00
480,5.134858e+00
520,3.282243e+00
560,5.156078e+00
600,5.075904e+00
640,4.987187e+00
680,4.784055e+00
720,4.789345e+00
760,4.560647e+00
800,4.232209e+00
