Matrix dimensions: m = n = k, GFLOPS
40,4.266667e+00
80,5.171717e+00
120,4.937143e+00
160,5.461333e+00
200,3.912937e+00
240,3.797281e+00
280,4.516872e+00
320,4.493076e+00
360,4.213873e+00
400,4.447224e+00
440,4.460012e+00
480,4.262309e+00
520,4.469919e+00
560,2.930621e+00
600,3.262076e+00
640,2.963636e+00
680,4.601399e+00
720,4.194858e+00
760,3.904421e+00
800,3.936675e+00
