Matrices parameters: m = n = k, GFLOPS
40,9.846154e+00
80,1.204706e+01
120,1.187629e+01
160,1.157062e+01
200,1.164483e+01
240,1.094970e+01
280,1.184993e+01
320,1.151978e+01
360,1.184914e+01
400,1.103258e+01
440,1.068741e+01
480,1.180845e+01
520,1.156268e+01
560,1.168126e+01
600,1.186357e+01
640,1.148948e+01
680,1.180433e+01
720,1.167148e+01
760,1.155018e+01
800,1.199302e+01
