Matrix dimensions: m = n = k, GFLOPS
40,1.542169e+00
80,1.253366e+00
120,1.191313e+00
160,1.534945e+00
200,1.546342e+00
240,1.516288e+00
280,1.483694e+00
320,1.462955e+00
360,1.464062e+00
400,1.455290e+00
440,1.284642e+00
480,1.436204e+00
520,1.425394e+00
560,1.411630e+00
600,1.392906e+00
640,1.331762e+00
680,1.374437e+00
720,1.292218e+00
760,1.150287e+00
800,1.164299e+00
