Matrices parameters: m = n = k, GFLOPS
40,5.333333e+00
80,4.511013e+00
120,5.494436e+00
160,2.986511e+00
200,5.007825e+00
240,4.827658e+00
280,4.816676e+00
320,4.963720e+00
360,4.901355e+00
400,4.895774e+00
440,5.466470e+00
480,5.320632e+00
520,5.159643e+00
560,5.247124e+00
600,5.280334e+00
640,5.127160e+00
680,5.168986e+00
720,3.755955e+00
760,4.865779e+00
800,3.735250e+00
