Matrix dimensions: m = n = k, GFLOPS
40,1.066667e+01
80,1.462857e+01
120,1.529204e+01
160,1.675256e+01
200,1.220442e+01
240,1.550645e+01
280,1.543741e+01
320,1.614187e+01
360,1.582096e+01
400,1.662986e+01
440,1.623171e+01
480,1.630549e+01
520,1.492337e+01
560,1.457455e+01
600,1.577794e+01
640,1.630198e+01
680,1.617241e+01
720,1.456237e+01
760,1.485763e+01
800,1.548535e+01
