Matrices parameters: m = n = k, GFLOPS
40,2.000000e+00
80,1.595016e+00
120,1.633270e+00
160,1.936643e+00
200,2.116122e+00
240,2.092326e+00
280,2.211454e+00
320,2.166193e+00
360,2.128516e+00
400,2.170301e+00
440,2.160166e+00
480,2.039916e+00
520,2.136883e+00
560,2.149273e+00
600,2.141115e+00
640,2.072080e+00
680,1.630630e+00
720,1.776475e+00
760,1.340747e+00
800,1.962844e+00
