Matrices parameters: m = n = k, GFLOPS
40,6.400000e+00
80,7.211268e+00
120,1.187629e+01
160,1.155430e+01
200,1.352494e+01
240,1.329870e+01
280,1.269636e+01
320,1.367898e+01
360,1.361225e+01
400,1.244773e+01
440,1.278847e+01
480,1.265717e+01
520,1.300361e+01
560,1.302451e+01
600,1.319930e+01
640,1.338733e+01
680,1.334488e+01
720,1.337303e+01
760,1.349470e+01
800,1.266480e+01
