Matrices dimensions: m = n = k, GFLOPS
40,9.142857e+00
80,1.248780e+01
120,7.748879e+00
160,1.021446e+01
200,5.761613e+00
240,9.867238e+00
280,9.866067e+00
320,1.037126e+01
360,1.132015e+01
400,1.037361e+01
440,1.136090e+01
480,9.298524e+00
520,9.972552e+00
560,9.879388e+00
600,1.086683e+01
640,1.084427e+01
680,8.047811e+00
720,1.126752e+01
760,1.054496e+01
800,1.104889e+01
