Matrices parameters: m = n = k, GFLOPS
40,1.620253e+00
80,1.477633e+00
120,1.878261e+00
160,1.708803e+00
200,1.933768e+00
240,1.994086e+00
280,2.112394e+00
320,2.106657e+00
360,2.132163e+00
400,2.131060e+00
440,2.134964e+00
480,1.199948e+00
520,2.064228e+00
560,2.043044e+00
600,2.101566e+00
640,2.003271e+00
680,1.893256e+00
720,1.962753e+00
760,1.726373e+00
800,1.846113e+00
