Matrices parameters: m = n = k, GFLOPS
40,2.782609e+00
80,2.652850e+00
120,2.616200e+00
160,2.201559e+00
200,2.183406e+00
240,2.220545e+00
280,2.182324e+00
320,2.110456e+00
360,2.096616e+00
400,1.958115e+00
440,2.280482e+00
480,2.007898e+00
520,2.075732e+00
560,1.959748e+00
600,2.181389e+00
640,2.060573e+00
680,2.150926e+00
720,2.342595e+00
760,2.314395e+00
800,2.081072e+00
