Matrices parameters: m = n = k, GFLOPS
40,2.285714e+00
80,2.146751e+00
120,1.617220e+00
160,1.686985e+00
200,1.781142e+00
240,1.101251e+00
280,1.558593e+00
320,1.763427e+00
360,1.436453e+00
400,1.935552e+00
440,2.069783e+00
480,2.196967e+00
520,2.067552e+00
560,2.018610e+00
600,2.167239e+00
640,2.090571e+00
680,2.121058e+00
720,2.032050e+00
760,1.920528e+00
800,1.431307e+00
