Matrices dimensions: m = n = k, GFLOPS
40,6.400000e+00
80,7.366906e+00
120,6.484053e+00
160,4.561247e+00
200,6.276971e+00
240,6.773150e+00
280,6.530418e+00
320,6.755592e+00
360,7.029682e+00
400,6.991097e+00
440,6.934549e+00
480,6.920001e+00
520,6.787247e+00
560,6.343134e+00
600,6.779129e+00
640,6.901523e+00
680,6.763797e+00
720,6.360574e+00
760,6.537488e+00
800,6.695699e+00
