Matrices dimensions: m = n = k, GFLOPS
40,8.000000e+00
80,1.113043e+01
120,1.212632e+01
160,1.220864e+01
200,1.046436e+01
240,1.247653e+01
280,1.183715e+01
320,1.195912e+01
360,1.221361e+01
400,1.229469e+01
440,1.247477e+01
480,1.203395e+01
520,1.222041e+01
560,1.147217e+01
600,1.238106e+01
640,1.241565e+01
680,1.231401e+01
720,1.220822e+01
760,1.228214e+01
800,1.227626e+01
