Matrices parameters: m = n = k, GFLOPS
40,3.555556e+00
80,3.820896e+00
120,3.789474e+00
160,3.535606e+00
200,5.055292e+00
240,4.999638e+00
280,5.258594e+00
320,5.162347e+00
360,5.259385e+00
400,5.286853e+00
440,5.234522e+00
480,5.203350e+00
520,5.809528e+00
560,5.405732e+00
600,5.553627e+00
640,5.546202e+00
680,5.502306e+00
720,3.739810e+00
760,5.143788e+00
800,4.484757e+00
