Matrices parameters: m = n = k, GFLOPS
40,6.400000e+00
80,5.417989e+00
120,1.007580e+01
160,1.044898e+01
200,1.088435e+01
240,1.035118e+01
280,6.681479e+00
320,9.886257e+00
360,1.073662e+01
400,1.107458e+01
440,1.086600e+01
480,1.066718e+01
520,1.007979e+01
560,9.155727e+00
600,1.119751e+01
640,1.065042e+01
680,1.018304e+01
720,8.376678e+00
760,5.645304e+00
800,5.593458e+00
