Matrices dimensions: m = n = k, GFLOPS
40,4.266667e+00
80,4.571429e+00
120,4.214634e+00
160,2.793997e+00
200,2.829355e+00
240,4.389268e+00
280,4.654792e+00
320,4.651242e+00
360,4.941064e+00
400,5.447736e+00
440,4.387535e+00
480,4.464936e+00
520,3.274866e+00
560,5.129047e+00
600,4.479376e+00
640,4.992601e+00
680,5.442354e+00
720,5.245710e+00
760,4.422977e+00
800,4.313050e+00
