Matrices parameters: m = n = k, GFLOPS
40,6.400000e+00
80,1.125275e+01
120,1.191724e+01
160,9.132664e+00
200,9.750152e+00
240,1.401318e+01
280,1.345510e+01
320,1.381450e+01
360,1.329420e+01
400,1.330976e+01
440,1.351269e+01
480,1.326998e+01
520,1.348564e+01
560,1.277486e+01
600,1.357722e+01
640,1.341679e+01
680,1.355018e+01
720,1.290846e+01
760,1.331360e+01
800,1.351779e+01
