Matrix dimensions: m = n = k, GFLOPS
40,2.612245e+00
80,2.579345e+00
120,1.750760e+00
160,2.410830e+00
200,2.417649e+00
240,1.919200e+00
280,2.298879e+00
320,2.204299e+00
360,2.120727e+00
400,2.105125e+00
440,2.193401e+00
480,2.001792e+00
520,2.257965e+00
560,2.234101e+00
600,2.230679e+00
640,2.208635e+00
680,1.969829e+00
720,2.243111e+00
760,2.255908e+00
800,1.665436e+00
