Matrix dimensions: m = n = k, GFLOPS
40,1.280000e+01
80,1.796491e+01
120,1.888525e+01
160,1.068057e+01
200,1.897983e+01
240,1.897598e+01
280,1.800820e+01
320,1.826533e+01
360,1.841563e+01
400,1.824661e+01
440,1.547815e+01
480,1.781156e+01
520,1.806372e+01
560,1.725362e+01
600,1.714966e+01
640,1.764388e+01
680,1.509841e+01
720,1.673570e+01
760,1.739208e+01
800,1.690076e+01
