Matrix dimensions: m = n = k, GFLOPS
40,1.600000e+01
80,1.706667e+01
120,1.600000e+01
160,1.635130e+01
200,1.394943e+01
240,1.516621e+01
280,1.467870e+01
320,1.428733e+01
360,1.472030e+01
400,1.435138e+01
440,1.313656e+01
480,1.384477e+01
520,1.366785e+01
560,1.309834e+01
600,1.343576e+01
640,1.344673e+01
680,1.275328e+01
720,1.147114e+01
760,9.913305e+00
800,7.577776e+00
