Matrix dimensions: m = n = k, GFLOPS
40,1.066667e+00
80,1.553869e+00
120,1.322112e+00
160,1.547412e+00
200,1.538462e+00
240,1.534466e+00
280,1.517489e+00
320,1.498719e+00
360,1.495409e+00
400,1.330354e+00
440,1.155562e+00
480,1.444429e+00
520,1.111394e+00
560,1.396971e+00
600,1.422648e+00
640,1.436508e+00
680,1.188882e+00
720,1.347962e+00
760,1.303812e+00
800,1.342219e+00
