Matrices parameters: m = n = k, GFLOPS
40,4.740741e+00
80,5.785311e+00
120,6.215827e+00
160,5.268167e+00
200,4.443210e+00
240,5.433962e+00
280,5.289001e+00
320,5.000076e+00
360,5.072683e+00
400,4.835298e+00
440,4.586443e+00
480,4.658369e+00
520,1.534636e+00
560,2.212415e+00
600,2.169492e+00
640,3.410159e+00
680,2.738215e+00
720,3.415957e+00
760,2.618899e+00
800,4.032766e+00
