Matrices parameters: m = n = k, GFLOPS
40,5.565217e+00
80,5.595628e+00
120,3.435388e+00
160,5.527665e+00
200,5.458888e+00
240,5.416928e+00
280,5.222936e+00
320,5.551546e+00
360,5.186593e+00
400,5.103668e+00
440,4.533596e+00
480,3.693109e+00
520,4.197191e+00
560,4.813837e+00
600,5.281819e+00
640,4.832504e+00
680,3.477788e+00
720,4.597443e+00
760,4.051669e+00
800,2.936209e+00
