Matrix dimensions: m = n = k, GFLOPS
40,1.361702e+00
80,1.563359e+00
120,1.328209e+00
160,1.235596e+00
200,1.429209e+00
240,1.344486e+00
280,1.297208e+00
320,1.205770e+00
360,1.292159e+00
400,1.175747e+00
440,1.299497e+00
480,1.380588e+00
520,1.365909e+00
560,1.398178e+00
600,1.392794e+00
640,1.365205e+00
680,1.311234e+00
720,1.295026e+00
760,1.316092e+00
800,1.273722e+00
