Matrix dimensions: m = n = k, GFLOPS
40,4.571429e+00
80,5.171717e+00
120,5.520767e+00
160,5.347258e+00
200,4.914005e+00
240,5.659775e+00
280,5.388978e+00
320,5.225323e+00
360,5.236951e+00
400,5.158378e+00
440,5.008467e+00
480,5.190894e+00
520,3.681753e+00
560,5.156759e+00
600,5.109524e+00
640,4.931087e+00
680,4.699960e+00
720,4.785353e+00
760,4.427103e+00
800,3.958222e+00
