Matrices parameters: m = n = k, GFLOPS
40,4.413793e+00
80,5.475936e+00
120,2.798381e+00
160,5.740715e+00
200,5.485087e+00
240,5.456483e+00
280,5.137374e+00
320,4.786794e+00
360,4.620092e+00
400,4.810041e+00
440,4.238959e+00
480,4.688585e+00
520,3.592713e+00
560,4.600348e+00
600,4.429997e+00
640,4.313849e+00
680,4.668696e+00
720,4.638724e+00
760,4.219158e+00
800,3.842012e+00
