Matrices parameters: m = n = k, GFLOPS
40,6.736842e+00
80,1.113043e+01
120,1.114839e+01
160,1.012608e+01
200,9.080590e+00
240,1.290756e+01
280,1.309395e+01
320,1.311507e+01
360,1.333981e+01
400,1.343832e+01
440,1.330688e+01
480,1.333558e+01
520,1.311214e+01
560,1.341041e+01
600,1.363378e+01
640,1.314961e+01
680,1.371030e+01
720,1.365308e+01
760,1.360512e+01
800,1.312871e+01
