Matrices parameters: m = n = k, GFLOPS
40,4.923077e+00
80,2.994152e+00
120,4.676590e+00
160,5.512786e+00
200,5.383580e+00
240,5.275329e+00
280,5.156683e+00
320,4.652563e+00
360,4.719162e+00
400,4.256876e+00
440,3.984844e+00
480,4.585170e+00
520,4.121951e+00
560,4.552940e+00
600,4.504739e+00
640,4.199276e+00
680,3.945170e+00
720,4.341178e+00
760,4.009920e+00
800,3.353254e+00
