Matrices parameters: m = n = k, GFLOPS
40,6.095238e+00
80,6.059172e+00
120,6.471910e+00
160,3.289960e+00
200,3.300330e+00
240,4.347170e+00
280,4.791967e+00
320,4.415577e+00
360,4.376530e+00
400,4.014931e+00
440,4.537822e+00
480,3.400215e+00
520,3.171597e+00
560,3.982448e+00
600,3.664122e+00
640,3.261755e+00
680,2.993778e+00
720,4.697455e+00
760,4.209933e+00
800,2.663705e+00
