Matrix dimensions: m = n = k, GFLOPS
40,1.454545e+00
80,1.612598e+00
120,1.455158e+00
160,1.526649e+00
200,1.509576e+00
240,1.434620e+00
280,1.441981e+00
320,1.455741e+00
360,1.421529e+00
400,1.439852e+00
440,1.186531e+00
480,1.413651e+00
520,1.422661e+00
560,1.429091e+00
600,1.404764e+00
640,1.413221e+00
680,1.403082e+00
720,1.384184e+00
760,1.374622e+00
800,1.365883e+00
