Matrices parameters: m = n = k, GFLOPS
40,1.729730e+00
80,2.137787e+00
120,2.055919e+00
160,1.700644e+00
200,2.050231e+00
240,1.902560e+00
280,1.981585e+00
320,2.046529e+00
360,1.995509e+00
400,2.003255e+00
440,2.055375e+00
480,1.869924e+00
520,1.943321e+00
560,1.952048e+00
600,1.950999e+00
640,1.845831e+00
680,1.906457e+00
720,1.866963e+00
760,1.852427e+00
800,1.751080e+00
