Matrices parameters: m = n = k, GFLOPS
40,4.923077e+00
80,3.835206e+00
120,5.637847e+00
160,5.316029e+00
200,6.884682e+00
240,7.460335e+00
280,6.537225e+00
320,7.513012e+00
360,7.411008e+00
400,6.792253e+00
440,7.197938e+00
480,7.182465e+00
520,6.489051e+00
560,6.974840e+00
600,6.028720e+00
640,7.244849e+00
680,7.241390e+00
720,7.118095e+00
760,7.064136e+00
800,7.235982e+00
