Matrix dimensions: m = n = k, GFLOPS
40,8.000000e+00
80,8.258065e+00
120,8.554455e+00
160,8.283114e+00
200,8.421053e+00
240,7.986135e+00
280,8.118343e+00
320,8.322032e+00
360,8.227120e+00
400,8.140422e+00
440,8.244677e+00
480,8.079781e+00
520,5.779797e+00
560,7.925089e+00
600,7.914552e+00
640,7.654398e+00
680,7.936494e+00
720,7.640931e+00
760,6.766542e+00
800,7.931406e+00
