Matrices parameters: m = n = k, GFLOPS
40,4.571429e+00
80,2.934097e+00
120,4.358134e+00
160,3.549393e+00
200,4.723944e+00
240,4.747253e+00
280,4.524786e+00
320,4.813515e+00
360,5.400625e+00
400,5.130261e+00
440,5.171129e+00
480,4.788154e+00
520,4.516510e+00
560,4.868553e+00
600,5.230151e+00
640,5.115204e+00
680,5.294671e+00
720,4.862628e+00
760,4.887912e+00
800,4.877212e+00
