Matrix dimensions: m = n = k, GFLOPS
40,6.736842e+00
80,6.168675e+00
120,5.529600e+00
160,5.645762e+00
200,3.931204e+00
240,6.628626e+00
280,6.602105e+00
320,7.523361e+00
360,7.264461e+00
400,7.281830e+00
440,4.179169e+00
480,6.916539e+00
520,6.258841e+00
560,7.298176e+00
600,7.234969e+00
640,7.153707e+00
680,6.879221e+00
720,6.889418e+00
760,6.191874e+00
800,6.036917e+00
