Matrices parameters: m = n = k, GFLOPS
40,1.163636e+01
80,1.233735e+01
120,1.314068e+01
160,1.266151e+01
200,1.250000e+01
240,1.212632e+01
280,1.219894e+01
320,1.244985e+01
360,1.170056e+01
400,1.239109e+01
440,1.224876e+01
480,1.029337e+01
520,1.197428e+01
560,1.180493e+01
600,1.209102e+01
640,1.252929e+01
680,1.125967e+01
720,1.225612e+01
760,1.208169e+01
800,1.237881e+01
