Matrix dimensions: m = n = k, GFLOPS
40,4.740741e+00
80,4.785047e+00
120,5.693575e+00
160,4.737999e+00
200,5.835157e+00
240,5.279358e+00
280,5.306261e+00
320,5.128013e+00
360,5.236658e+00
400,5.045926e+00
440,5.108333e+00
480,5.215620e+00
520,3.679441e+00
560,4.892356e+00
600,5.098428e+00
640,4.469176e+00
680,4.707453e+00
720,3.916394e+00
760,3.863205e+00
800,3.291789e+00
