Matrix dimensions: m = n = k, GFLOPS
40,1.422222e+01
80,1.735593e+01
120,1.745455e+01
160,1.417301e+01
200,1.862631e+01
240,1.772308e+01
280,1.775334e+01
320,1.825007e+01
360,1.793772e+01
400,1.750308e+01
440,1.743609e+01
480,1.788212e+01
520,1.735473e+01
560,1.481491e+01
600,1.702262e+01
640,1.720895e+01
680,1.700736e+01
720,1.713050e+01
760,1.721643e+01
800,1.689462e+01
