Matrices parameters: m = n = k, GFLOPS
40,5.818182e+00
80,5.851429e+00
120,5.349845e+00
160,4.902454e+00
200,4.752005e+00
240,4.094180e+00
280,4.684592e+00
320,4.448547e+00
360,5.377593e+00
400,5.293631e+00
440,5.029462e+00
480,5.256524e+00
520,5.145481e+00
560,5.031977e+00
600,5.061037e+00
640,5.399353e+00
680,5.253009e+00
720,5.071373e+00
760,4.237241e+00
800,5.039370e+00
