Matrix dimensions: m = n, GFLOPS
40,2.462353e+00
80,2.794380e+00
120,3.522400e+00
160,3.506890e+00
200,3.549299e+00
240,3.540331e+00
280,3.397444e+00
320,3.374741e+00
360,3.014679e+00
400,3.162293e+00
440,3.181752e+00
480,3.258498e+00
520,3.285828e+00
560,3.225391e+00
600,2.922456e+00
640,3.217180e+00
680,3.209485e+00
720,3.189487e+00
760,3.127365e+00
800,3.147185e+00
840,3.137681e+00
880,2.956161e+00
920,2.824420e+00
960,2.872924e+00
1000,2.760534e+00
