Matrix dimensions: m = n, GFLOPS
40,2.325556e+00
80,2.940174e+00
120,3.289598e+00
160,3.367831e+00
200,3.369245e+00
240,3.461628e+00
280,3.452086e+00
320,3.298136e+00
360,3.299579e+00
400,3.196472e+00
440,3.135125e+00
480,3.244423e+00
520,3.218270e+00
560,3.182721e+00
600,2.980723e+00
640,3.201896e+00
680,3.129054e+00
720,3.139297e+00
760,3.164225e+00
800,3.062974e+00
840,3.034249e+00
880,2.923998e+00
920,2.863099e+00
960,2.846051e+00
1000,2.812882e+00
