Matrix dimensions: m = n, GFLOPS
40,2.616250e+00
80,2.992212e+00
120,3.215674e+00
160,3.294352e+00
200,3.003561e+00
240,3.075715e+00
280,3.151678e+00
320,2.905490e+00
360,3.007086e+00
400,3.013274e+00
440,3.004688e+00
480,3.004601e+00
520,3.065345e+00
560,2.995809e+00
600,2.948277e+00
640,3.039646e+00
680,3.045230e+00
720,2.993121e+00
760,3.003912e+00
800,2.913920e+00
840,2.848301e+00
880,2.840099e+00
920,2.678886e+00
960,2.652602e+00
1000,2.577804e+00
