Matrix dimensions: m = n, GFLOPS
40,1.993333e+00
80,3.130741e+00
120,3.533272e+00
160,3.543468e+00
200,3.728632e+00
240,3.585933e+00
280,3.747220e+00
320,3.442439e+00
360,3.559126e+00
400,3.512007e+00
440,3.474228e+00
480,3.421301e+00
520,3.481491e+00
560,3.497052e+00
600,3.396304e+00
640,3.230577e+00
680,3.444311e+00
720,3.509030e+00
760,3.440926e+00
800,3.366236e+00
840,3.402041e+00
880,3.179498e+00
920,2.979556e+00
960,2.821593e+00
1000,2.875187e+00
