Matrix dimensions: m = n, GFLOPS
40,2.093000e+00
80,2.486176e+00
120,2.912926e+00
160,2.778978e+00
200,2.488665e+00
240,2.771391e+00
280,2.547194e+00
320,2.579486e+00
360,2.495308e+00
400,2.490444e+00
440,2.550957e+00
480,2.477042e+00
520,2.548418e+00
560,2.574263e+00
600,2.420518e+00
640,2.516329e+00
680,2.562757e+00
720,2.537569e+00
760,2.658172e+00
800,2.547784e+00
840,2.506336e+00
880,2.436723e+00
920,2.369563e+00
960,2.318520e+00
1000,2.237568e+00
